,sp_gene,type,sp_sequence,yield,yield_unit,miscellaneous,species_taxon_id,signal_peptide_aa,mature_protein_aa
0,phoB,Sec,MKKFPKKLLPIAVLSSIAFSSLASGSVPEASA,327.2,(U/mL),promoter：Pglvm,1423,MKKFPKKLLPIAVLSSIAFSSLASGSVPEASA,GSRTITNNEMGNHSGYDYELWKDYGNTSMTLNNGGAFSAGWNNIGNALFRKGKKFDSTRTHHQLGNISINYNASFNPGGNSYLCVYGWTQSPLAEYYIVDSWGTYRPTGAYKGSFYADGGTYDIYETTRVNQPSIIGIATFKQYWSVRQTKRTSGTVSVSAHFRKWESLGMPIGKMYETAFTVEGYQSSGSANVMTNQLFIGN
1,CotC,Sec,MKNRLFILICFCVICLFLSFGQPFFPSMILTVQAAKS,270.9,(U/mL),promoter：Pglvm,1423,MKNRLFILICFCVICLFLSFGQPFFPSMILTVQAAKS,GSRTITNNEMGNHSGYDYELWKDYGNTSMTLNNGGAFSAGWNNIGNALFRKGKKFDSTRTHHQLGNISINYNASFNPGGNSYLCVYGWTQSPLAEYYIVDSWGTYRPTGAYKGSFYADGGTYDIYETTRVNQPSIIGIATFKQYWSVRQTKRTSGTVSVSAHFRKWESLGMPIGKMYETAFTVEGYQSSGSANVMTNQLFIGN
2,yhfM,Sec,MKKIVAAIVVIGLVFIAFFYLYSRSGDVYQSVDA,266.2,(U/mL),promoter：Pglvm,1423,MKKIVAAIVVIGLVFIAFFYLYSRSGDVYQSVDA,GSRTITNNEMGNHSGYDYELWKDYGNTSMTLNNGGAFSAGWNNIGNALFRKGKKFDSTRTHHQLGNISINYNASFNPGGNSYLCVYGWTQSPLAEYYIVDSWGTYRPTGAYKGSFYADGGTYDIYETTRVNQPSIIGIATFKQYWSVRQTKRTSGTVSVSAHFRKWESLGMPIGKMYETAFTVEGYQSSGSANVMTNQLFIGN
3,dacF,Sec,MKRLLSTLLIGIMLLTFAPSAFA,263.4,(U/mL),promoter：Pglvm,1423,MKRLLSTLLIGIMLLTFAPSAFA,GSRTITNNEMGNHSGYDYELWKDYGNTSMTLNNGGAFSAGWNNIGNALFRKGKKFDSTRTHHQLGNISINYNASFNPGGNSYLCVYGWTQSPLAEYYIVDSWGTYRPTGAYKGSFYADGGTYDIYETTRVNQPSIIGIATFKQYWSVRQTKRTSGTVSVSAHFRKWESLGMPIGKMYETAFTVEGYQSSGSANVMTNQLFIGN
4,ypjP,Sec,MKLWMRKTLVVLFTIVTFGLVSPPAALMA,251.4,(U/mL),promoter：Pglvm,1423,MKLWMRKTLVVLFTIVTFGLVSPPAALMA,GSRTITNNEMGNHSGYDYELWKDYGNTSMTLNNGGAFSAGWNNIGNALFRKGKKFDSTRTHHQLGNISINYNASFNPGGNSYLCVYGWTQSPLAEYYIVDSWGTYRPTGAYKGSFYADGGTYDIYETTRVNQPSIIGIATFKQYWSVRQTKRTSGTVSVSAHFRKWESLGMPIGKMYETAFTVEGYQSSGSANVMTNQLFIGN
5,yndA,Sec,MRFTKVVGFLSVLGLAAVFPLTAQA,241.6,(U/mL),promoter：Pglvm,1423,MRFTKVVGFLSVLGLAAVFPLTAQA,GSRTITNNEMGNHSGYDYELWKDYGNTSMTLNNGGAFSAGWNNIGNALFRKGKKFDSTRTHHQLGNISINYNASFNPGGNSYLCVYGWTQSPLAEYYIVDSWGTYRPTGAYKGSFYADGGTYDIYETTRVNQPSIIGIATFKQYWSVRQTKRTSGTVSVSAHFRKWESLGMPIGKMYETAFTVEGYQSSGSANVMTNQLFIGN
6,PhrC,Sec,MkLKSKLFVICLAAAAIFTAAGVSANA,237.2,(U/mL),promoter：Pglvm,1423,MKLKSKLFVICLAAAAIFTAAGVSANA,GSRTITNNEMGNHSGYDYELWKDYGNTSMTLNNGGAFSAGWNNIGNALFRKGKKFDSTRTHHQLGNISINYNASFNPGGNSYLCVYGWTQSPLAEYYIVDSWGTYRPTGAYKGSFYADGGTYDIYETTRVNQPSIIGIATFKQYWSVRQTKRTSGTVSVSAHFRKWESLGMPIGKMYETAFTVEGYQSSGSANVMTNQLFIGN
7,penP,Sec,MKLKTKASIKFGICVGLLCLSITGFTPFFNSTHAEA,225.7,(U/mL),promoter：Pglvm,1423,MKLKTKASIKFGICVGLLCLSITGFTPFFNSTHAEA,GSRTITNNEMGNHSGYDYELWKDYGNTSMTLNNGGAFSAGWNNIGNALFRKGKKFDSTRTHHQLGNISINYNASFNPGGNSYLCVYGWTQSPLAEYYIVDSWGTYRPTGAYKGSFYADGGTYDIYETTRVNQPSIIGIATFKQYWSVRQTKRTSGTVSVSAHFRKWESLGMPIGKMYETAFTVEGYQSSGSANVMTNQLFIGN
8,abnA,Sec,MKKKKTWKRFLHFSSAALAAGLIFTSAAPAEA,222.8,(U/mL),promoter：Pglvm,1423,MKKKKTWKRFLHFSSAALAAGLIFTSAAPAEA,GSRTITNNEMGNHSGYDYELWKDYGNTSMTLNNGGAFSAGWNNIGNALFRKGKKFDSTRTHHQLGNISINYNASFNPGGNSYLCVYGWTQSPLAEYYIVDSWGTYRPTGAYKGSFYADGGTYDIYETTRVNQPSIIGIATFKQYWSVRQTKRTSGTVSVSAHFRKWESLGMPIGKMYETAFTVEGYQSSGSANVMTNQLFIGN
9,estB,Sec,MKKVLMAFIICLSLILSVLAAPPSGAKA,211.7,(U/mL),promoter：Pglvm,1423,MKKVLMAFIICLSLILSVLAAPPSGAKA,GSRTITNNEMGNHSGYDYELWKDYGNTSMTLNNGGAFSAGWNNIGNALFRKGKKFDSTRTHHQLGNISINYNASFNPGGNSYLCVYGWTQSPLAEYYIVDSWGTYRPTGAYKGSFYADGGTYDIYETTRVNQPSIIGIATFKQYWSVRQTKRTSGTVSVSAHFRKWESLGMPIGKMYETAFTVEGYQSSGSANVMTNQLFIGN
10,yfhK,Sec,MKKKQVMLALTAAAGLGLTALHSAPAAKA,203.7,(U/mL),promoter：Pglvm,1423,MKKKQVMLALTAAAGLGLTALHSAPAAKA,GSRTITNNEMGNHSGYDYELWKDYGNTSMTLNNGGAFSAGWNNIGNALFRKGKKFDSTRTHHQLGNISINYNASFNPGGNSYLCVYGWTQSPLAEYYIVDSWGTYRPTGAYKGSFYADGGTYDIYETTRVNQPSIIGIATFKQYWSVRQTKRTSGTVSVSAHFRKWESLGMPIGKMYETAFTVEGYQSSGSANVMTNQLFIGN
11,nprE,Sec,MGLGKKLSVAVAASFMSLSISLPGVQA,197.0,(U/mL),promoter：Pglvm,1423,MGLGKKLSVAVAASFMSLSISLPGVQA,GSRTITNNEMGNHSGYDYELWKDYGNTSMTLNNGGAFSAGWNNIGNALFRKGKKFDSTRTHHQLGNISINYNASFNPGGNSYLCVYGWTQSPLAEYYIVDSWGTYRPTGAYKGSFYADGGTYDIYETTRVNQPSIIGIATFKQYWSVRQTKRTSGTVSVSAHFRKWESLGMPIGKMYETAFTVEGYQSSGSANVMTNQLFIGN
12,fliZ,Sec,MKKSQYFIVFICFFVLFSVHPIAAAAA,194.2,(U/mL),promoter：Pglvm,1423,MKKSQYFIVFICFFVLFSVHPIAAAAA,GSRTITNNEMGNHSGYDYELWKDYGNTSMTLNNGGAFSAGWNNIGNALFRKGKKFDSTRTHHQLGNISINYNASFNPGGNSYLCVYGWTQSPLAEYYIVDSWGTYRPTGAYKGSFYADGGTYDIYETTRVNQPSIIGIATFKQYWSVRQTKRTSGTVSVSAHFRKWESLGMPIGKMYETAFTVEGYQSSGSANVMTNQLFIGN
13,spoIID,Sec,MKQFAITLSVLCALILLVPTLLVIPFQHNKEAGA,189.6,(U/mL),promoter：Pglvm,1423,MKQFAITLSVLCALILLVPTLLVIPFQHNKEAGA,GSRTITNNEMGNHSGYDYELWKDYGNTSMTLNNGGAFSAGWNNIGNALFRKGKKFDSTRTHHQLGNISINYNASFNPGGNSYLCVYGWTQSPLAEYYIVDSWGTYRPTGAYKGSFYADGGTYDIYETTRVNQPSIIGIATFKQYWSVRQTKRTSGTVSVSAHFRKWESLGMPIGKMYETAFTVEGYQSSGSANVMTNQLFIGN
14,ybbC,Sec,MRKTIFAFLTGLMMFGTITAASA,188.9,(U/mL),promoter：Pglvm,1423,MRKTIFAFLTGLMMFGTITAASA,GSRTITNNEMGNHSGYDYELWKDYGNTSMTLNNGGAFSAGWNNIGNALFRKGKKFDSTRTHHQLGNISINYNASFNPGGNSYLCVYGWTQSPLAEYYIVDSWGTYRPTGAYKGSFYADGGTYDIYETTRVNQPSIIGIATFKQYWSVRQTKRTSGTVSVSAHFRKWESLGMPIGKMYETAFTVEGYQSSGSANVMTNQLFIGN
15,xynA,Sec,MFKFKKNFLVGLSAALMSISLFSATASA,181.2,(U/mL),promoter：Pglvm,1423,MFKFKKNFLVGLSAALMSISLFSATASA,GSRTITNNEMGNHSGYDYELWKDYGNTSMTLNNGGAFSAGWNNIGNALFRKGKKFDSTRTHHQLGNISINYNASFNPGGNSYLCVYGWTQSPLAEYYIVDSWGTYRPTGAYKGSFYADGGTYDIYETTRVNQPSIIGIATFKQYWSVRQTKRTSGTVSVSAHFRKWESLGMPIGKMYETAFTVEGYQSSGSANVMTNQLFIGN
16,sigKn,Sec,MKKWMAGLFLAAAVLLCLMVPQQIQGASS,176.8,(U/mL),promoter：Pglvm,1423,MKKWMAGLFLAAAVLLCLMVPQQIQGASS,GSRTITNNEMGNHSGYDYELWKDYGNTSMTLNNGGAFSAGWNNIGNALFRKGKKFDSTRTHHQLGNISINYNASFNPGGNSYLCVYGWTQSPLAEYYIVDSWGTYRPTGAYKGSFYADGGTYDIYETTRVNQPSIIGIATFKQYWSVRQTKRTSGTVSVSAHFRKWESLGMPIGKMYETAFTVEGYQSSGSANVMTNQLFIGN
17,dacB,Sec,MRIFKKAVFVIMISFLIATVNVNTAHA,175.4,(U/mL),promoter：Pglvm,1423,MRIFKKAVFVIMISFLIATVNVNTAHA,GSRTITNNEMGNHSGYDYELWKDYGNTSMTLNNGGAFSAGWNNIGNALFRKGKKFDSTRTHHQLGNISINYNASFNPGGNSYLCVYGWTQSPLAEYYIVDSWGTYRPTGAYKGSFYADGGTYDIYETTRVNQPSIIGIATFKQYWSVRQTKRTSGTVSVSAHFRKWESLGMPIGKMYETAFTVEGYQSSGSANVMTNQLFIGN
18,lytB,Sec,MKSCKQLIVCSLAAILLLIPSVSFA,169.2,(U/mL),promoter：Pglvm,1423,MKSCKQLIVCSLAAILLLIPSVSFA,GSRTITNNEMGNHSGYDYELWKDYGNTSMTLNNGGAFSAGWNNIGNALFRKGKKFDSTRTHHQLGNISINYNASFNPGGNSYLCVYGWTQSPLAEYYIVDSWGTYRPTGAYKGSFYADGGTYDIYETTRVNQPSIIGIATFKQYWSVRQTKRTSGTVSVSAHFRKWESLGMPIGKMYETAFTVEGYQSSGSANVMTNQLFIGN
19,bglS,Sec,MPYLKRVLLLLVTGLFMSLFAVTATASA,166.5,(U/mL),promoter：Pglvm,1423,MPYLKRVLLLLVTGLFMSLFAVTATASA,GSRTITNNEMGNHSGYDYELWKDYGNTSMTLNNGGAFSAGWNNIGNALFRKGKKFDSTRTHHQLGNISINYNASFNPGGNSYLCVYGWTQSPLAEYYIVDSWGTYRPTGAYKGSFYADGGTYDIYETTRVNQPSIIGIATFKQYWSVRQTKRTSGTVSVSAHFRKWESLGMPIGKMYETAFTVEGYQSSGSANVMTNQLFIGN
20,ybfO,Sec,MKRMIVRMTLPLLIVCLAFSSFSASARA,166.3,(U/mL),promoter：Pglvm,1423,MKRMIVRMTLPLLIVCLAFSSFSASARA,GSRTITNNEMGNHSGYDYELWKDYGNTSMTLNNGGAFSAGWNNIGNALFRKGKKFDSTRTHHQLGNISINYNASFNPGGNSYLCVYGWTQSPLAEYYIVDSWGTYRPTGAYKGSFYADGGTYDIYETTRVNQPSIIGIATFKQYWSVRQTKRTSGTVSVSAHFRKWESLGMPIGKMYETAFTVEGYQSSGSANVMTNQLFIGN
21,mpr,Sec,MKLVPRFRKQWFAYLTVLCLALAAAVSFGVPAKA,161.7,(U/mL),promoter：Pglvm,1423,MKLVPRFRKQWFAYLTVLCLALAAAVSFGVPAKA,GSRTITNNEMGNHSGYDYELWKDYGNTSMTLNNGGAFSAGWNNIGNALFRKGKKFDSTRTHHQLGNISINYNASFNPGGNSYLCVYGWTQSPLAEYYIVDSWGTYRPTGAYKGSFYADGGTYDIYETTRVNQPSIIGIATFKQYWSVRQTKRTSGTVSVSAHFRKWESLGMPIGKMYETAFTVEGYQSSGSANVMTNQLFIGN
22,lytF,Sec,MKKKLAAGLTASAIVGTTLVVTPAEA,154.2,(U/mL),promoter：Pglvm,1423,MKKKLAAGLTASAIVGTTLVVTPAEA,GSRTITNNEMGNHSGYDYELWKDYGNTSMTLNNGGAFSAGWNNIGNALFRKGKKFDSTRTHHQLGNISINYNASFNPGGNSYLCVYGWTQSPLAEYYIVDSWGTYRPTGAYKGSFYADGGTYDIYETTRVNQPSIIGIATFKQYWSVRQTKRTSGTVSVSAHFRKWESLGMPIGKMYETAFTVEGYQSSGSANVMTNQLFIGN
23,YqgA,Sec,MKQGKFSVFLILLLMLTLVVAPKGKAEA,154.0,(U/mL),promoter：Pglvm,1423,MKQGKFSVFLILLLMLTLVVAPKGKAEA,GSRTITNNEMGNHSGYDYELWKDYGNTSMTLNNGGAFSAGWNNIGNALFRKGKKFDSTRTHHQLGNISINYNASFNPGGNSYLCVYGWTQSPLAEYYIVDSWGTYRPTGAYKGSFYADGGTYDIYETTRVNQPSIIGIATFKQYWSVRQTKRTSGTVSVSAHFRKWESLGMPIGKMYETAFTVEGYQSSGSANVMTNQLFIGN
24,spsMn,Sec,MKVPKTMLLSTAAGLLLSLTATSVSA,153.5,(U/mL),promoter：Pglvm,1423,MKVPKTMLLSTAAGLLLSLTATSVSA,GSRTITNNEMGNHSGYDYELWKDYGNTSMTLNNGGAFSAGWNNIGNALFRKGKKFDSTRTHHQLGNISINYNASFNPGGNSYLCVYGWTQSPLAEYYIVDSWGTYRPTGAYKGSFYADGGTYDIYETTRVNQPSIIGIATFKQYWSVRQTKRTSGTVSVSAHFRKWESLGMPIGKMYETAFTVEGYQSSGSANVMTNQLFIGN
25,pdaA,Sec,MKWMCSICCAAVLLAGGAAQA,151.2,(U/mL),promoter：Pglvm,1423,MKWMCSICCAAVLLAGGAAQA,GSRTITNNEMGNHSGYDYELWKDYGNTSMTLNNGGAFSAGWNNIGNALFRKGKKFDSTRTHHQLGNISINYNASFNPGGNSYLCVYGWTQSPLAEYYIVDSWGTYRPTGAYKGSFYADGGTYDIYETTRVNQPSIIGIATFKQYWSVRQTKRTSGTVSVSAHFRKWESLGMPIGKMYETAFTVEGYQSSGSANVMTNQLFIGN
26,ywfM,Sec,MKGNIYSLFVLIAAFFWGTTGTVQA,149.2,(U/mL),promoter：Pglvm,1423,MKGNIYSLFVLIAAFFWGTTGTVQA,GSRTITNNEMGNHSGYDYELWKDYGNTSMTLNNGGAFSAGWNNIGNALFRKGKKFDSTRTHHQLGNISINYNASFNPGGNSYLCVYGWTQSPLAEYYIVDSWGTYRPTGAYKGSFYADGGTYDIYETTRVNQPSIIGIATFKQYWSVRQTKRTSGTVSVSAHFRKWESLGMPIGKMYETAFTVEGYQSSGSANVMTNQLFIGN
27,tasA,Sec,MGMKKKLSLGVASAALGLALVGGGTWA,147.3,(U/mL),promoter：Pglvm,1423,MGMKKKLSLGVASAALGLALVGGGTWA,GSRTITNNEMGNHSGYDYELWKDYGNTSMTLNNGGAFSAGWNNIGNALFRKGKKFDSTRTHHQLGNISINYNASFNPGGNSYLCVYGWTQSPLAEYYIVDSWGTYRPTGAYKGSFYADGGTYDIYETTRVNQPSIIGIATFKQYWSVRQTKRTSGTVSVSAHFRKWESLGMPIGKMYETAFTVEGYQSSGSANVMTNQLFIGN
28,spoIIQ,Sec,MREEEKKTSQVKKLQQFFRKRWVFPAIYLVSAAVILTAVL,146.9,(U/mL),promoter：Pglvm,1423,MREEEKKTSQVKKLQQFFRKRWVFPAIYLVSAAVILTAVL,GSRTITNNEMGNHSGYDYELWKDYGNTSMTLNNGGAFSAGWNNIGNALFRKGKKFDSTRTHHQLGNISINYNASFNPGGNSYLCVYGWTQSPLAEYYIVDSWGTYRPTGAYKGSFYADGGTYDIYETTRVNQPSIIGIATFKQYWSVRQTKRTSGTVSVSAHFRKWESLGMPIGKMYETAFTVEGYQSSGSANVMTNQLFIGN
29,yrvJ,Sec,MNKKYFVLIVCIIFTSALFPTFSSVTA,144.5,(U/mL),promoter：Pglvm,1423,MNKKYFVLIVCIIFTSALFPTFSSVTA,GSRTITNNEMGNHSGYDYELWKDYGNTSMTLNNGGAFSAGWNNIGNALFRKGKKFDSTRTHHQLGNISINYNASFNPGGNSYLCVYGWTQSPLAEYYIVDSWGTYRPTGAYKGSFYADGGTYDIYETTRVNQPSIIGIATFKQYWSVRQTKRTSGTVSVSAHFRKWESLGMPIGKMYETAFTVEGYQSSGSANVMTNQLFIGN
30,yolA,Sec,MKKRITYSLLALLAVVAFAFTDSSKAKA,142.1,(U/mL),promoter：Pglvm,1423,MKKRITYSLLALLAVVAFAFTDSSKAKA,GSRTITNNEMGNHSGYDYELWKDYGNTSMTLNNGGAFSAGWNNIGNALFRKGKKFDSTRTHHQLGNISINYNASFNPGGNSYLCVYGWTQSPLAEYYIVDSWGTYRPTGAYKGSFYADGGTYDIYETTRVNQPSIIGIATFKQYWSVRQTKRTSGTVSVSAHFRKWESLGMPIGKMYETAFTVEGYQSSGSANVMTNQLFIGN
31,pbpD,Sec,MTMLRKIIGWILLLCIIPLFAFTVIA,141.9,(U/mL),promoter：Pglvm,1423,MTMLRKIIGWILLLCIIPLFAFTVIA,GSRTITNNEMGNHSGYDYELWKDYGNTSMTLNNGGAFSAGWNNIGNALFRKGKKFDSTRTHHQLGNISINYNASFNPGGNSYLCVYGWTQSPLAEYYIVDSWGTYRPTGAYKGSFYADGGTYDIYETTRVNQPSIIGIATFKQYWSVRQTKRTSGTVSVSAHFRKWESLGMPIGKMYETAFTVEGYQSSGSANVMTNQLFIGN
32,ylqB,Sec,MKKIGLLFMLCLAALFTIGFPAQQADA,138.2,(U/mL),promoter：Pglvm,1423,MKKIGLLFMLCLAALFTIGFPAQQADA,GSRTITNNEMGNHSGYDYELWKDYGNTSMTLNNGGAFSAGWNNIGNALFRKGKKFDSTRTHHQLGNISINYNASFNPGGNSYLCVYGWTQSPLAEYYIVDSWGTYRPTGAYKGSFYADGGTYDIYETTRVNQPSIIGIATFKQYWSVRQTKRTSGTVSVSAHFRKWESLGMPIGKMYETAFTVEGYQSSGSANVMTNQLFIGN
33,csn,Sec,MKISMQKADFWKKAAISLLVFTMFFTLMMSETVFA,137.1,(U/mL),promoter：Pglvm,1423,MKISMQKADFWKKAAISLLVFTMFFTLMMSETVFA,GSRTITNNEMGNHSGYDYELWKDYGNTSMTLNNGGAFSAGWNNIGNALFRKGKKFDSTRTHHQLGNISINYNASFNPGGNSYLCVYGWTQSPLAEYYIVDSWGTYRPTGAYKGSFYADGGTYDIYETTRVNQPSIIGIATFKQYWSVRQTKRTSGTVSVSAHFRKWESLGMPIGKMYETAFTVEGYQSSGSANVMTNQLFIGN
34,sacB,Sec,MNIKKFAKQATVLTFTTALLAGGATQAFA,135.5,(U/mL),promoter：Pglvm,1423,MNIKKFAKQATVLTFTTALLAGGATQAFA,GSRTITNNEMGNHSGYDYELWKDYGNTSMTLNNGGAFSAGWNNIGNALFRKGKKFDSTRTHHQLGNISINYNASFNPGGNSYLCVYGWTQSPLAEYYIVDSWGTYRPTGAYKGSFYADGGTYDIYETTRVNQPSIIGIATFKQYWSVRQTKRTSGTVSVSAHFRKWESLGMPIGKMYETAFTVEGYQSSGSANVMTNQLFIGN
35,pelB,Sec,MKRLCLWFTVFSLFLVLLPGKALG,134.9,(U/mL),promoter：Pglvm,1423,MKRLCLWFTVFSLFLVLLPGKALG,GSRTITNNEMGNHSGYDYELWKDYGNTSMTLNNGGAFSAGWNNIGNALFRKGKKFDSTRTHHQLGNISINYNASFNPGGNSYLCVYGWTQSPLAEYYIVDSWGTYRPTGAYKGSFYADGGTYDIYETTRVNQPSIIGIATFKQYWSVRQTKRTSGTVSVSAHFRKWESLGMPIGKMYETAFTVEGYQSSGSANVMTNQLFIGN
36,yoaW,Sec,MKKMLMLAFTFLLALTIHVGEASA,133.9,(U/mL),promoter：Pglvm,1423,MKKMLMLAFTFLLALTIHVGEASA,GSRTITNNEMGNHSGYDYELWKDYGNTSMTLNNGGAFSAGWNNIGNALFRKGKKFDSTRTHHQLGNISINYNASFNPGGNSYLCVYGWTQSPLAEYYIVDSWGTYRPTGAYKGSFYADGGTYDIYETTRVNQPSIIGIATFKQYWSVRQTKRTSGTVSVSAHFRKWESLGMPIGKMYETAFTVEGYQSSGSANVMTNQLFIGN
37,yobHm,Sec,MKKLVLCVSILAVILSGVA,129.0,(U/mL),promoter：Pglvm,1423,MKKLVLCVSILAVILSGVA,GSRTITNNEMGNHSGYDYELWKDYGNTSMTLNNGGAFSAGWNNIGNALFRKGKKFDSTRTHHQLGNISINYNASFNPGGNSYLCVYGWTQSPLAEYYIVDSWGTYRPTGAYKGSFYADGGTYDIYETTRVNQPSIIGIATFKQYWSVRQTKRTSGTVSVSAHFRKWESLGMPIGKMYETAFTVEGYQSSGSANVMTNQLFIGN
38,ypbG,Sec,KLSVKIAGVLTVAAAAMTAKMYATA,125.5,(U/mL),promoter：Pglvm,1423,KLSVKIAGVLTVAAAAMTAKMYATA,GSRTITNNEMGNHSGYDYELWKDYGNTSMTLNNGGAFSAGWNNIGNALFRKGKKFDSTRTHHQLGNISINYNASFNPGGNSYLCVYGWTQSPLAEYYIVDSWGTYRPTGAYKGSFYADGGTYDIYETTRVNQPSIIGIATFKQYWSVRQTKRTSGTVSVSAHFRKWESLGMPIGKMYETAFTVEGYQSSGSANVMTNQLFIGN
39,mncR,Sec,MLSVEMISRQNRCHYVYKGGNMMRRILHIVLITALMFLNVMYTFEA,121.7,(U/mL),promoter：Pglvm,1423,MLSVEMISRQNRCHYVYKGGNMMRRILHIVLITALMFLNVMYTFEA,GSRTITNNEMGNHSGYDYELWKDYGNTSMTLNNGGAFSAGWNNIGNALFRKGKKFDSTRTHHQLGNISINYNASFNPGGNSYLCVYGWTQSPLAEYYIVDSWGTYRPTGAYKGSFYADGGTYDIYETTRVNQPSIIGIATFKQYWSVRQTKRTSGTVSVSAHFRKWESLGMPIGKMYETAFTVEGYQSSGSANVMTNQLFIGN
40,bsnA,Sec,MTKKAWFLPLVCVLLISGWLAPAASASA,119.6,(U/mL),promoter：Pglvm,1423,MTKKAWFLPLVCVLLISGWLAPAASASA,GSRTITNNEMGNHSGYDYELWKDYGNTSMTLNNGGAFSAGWNNIGNALFRKGKKFDSTRTHHQLGNISINYNASFNPGGNSYLCVYGWTQSPLAEYYIVDSWGTYRPTGAYKGSFYADGGTYDIYETTRVNQPSIIGIATFKQYWSVRQTKRTSGTVSVSAHFRKWESLGMPIGKMYETAFTVEGYQSSGSANVMTNQLFIGN
41,ywmD,Sec,MKKLLAAGIIGLLTVSIASPSFA,114.5,(U/mL),promoter：Pglvm,1423,MKKLLAAGIIGLLTVSIASPSFA,GSRTITNNEMGNHSGYDYELWKDYGNTSMTLNNGGAFSAGWNNIGNALFRKGKKFDSTRTHHQLGNISINYNASFNPGGNSYLCVYGWTQSPLAEYYIVDSWGTYRPTGAYKGSFYADGGTYDIYETTRVNQPSIIGIATFKQYWSVRQTKRTSGTVSVSAHFRKWESLGMPIGKMYETAFTVEGYQSSGSANVMTNQLFIGN
42,YxiT,Sec,MKWNNMLKAAGIAVLLFSVFAYAAPSLKAVQA,114.2,(U/mL),promoter：Pglvm,1423,MKWNNMLKAAGIAVLLFSVFAYAAPSLKAVQA,GSRTITNNEMGNHSGYDYELWKDYGNTSMTLNNGGAFSAGWNNIGNALFRKGKKFDSTRTHHQLGNISINYNASFNPGGNSYLCVYGWTQSPLAEYYIVDSWGTYRPTGAYKGSFYADGGTYDIYETTRVNQPSIIGIATFKQYWSVRQTKRTSGTVSVSAHFRKWESLGMPIGKMYETAFTVEGYQSSGSANVMTNQLFIGN
43,aspB,Sec,MKLAKRVSALTPSTTLAITAKA,113.9,(U/mL),promoter：Pglvm,1423,MKLAKRVSALTPSTTLAITAKA,GSRTITNNEMGNHSGYDYELWKDYGNTSMTLNNGGAFSAGWNNIGNALFRKGKKFDSTRTHHQLGNISINYNASFNPGGNSYLCVYGWTQSPLAEYYIVDSWGTYRPTGAYKGSFYADGGTYDIYETTRVNQPSIIGIATFKQYWSVRQTKRTSGTVSVSAHFRKWESLGMPIGKMYETAFTVEGYQSSGSANVMTNQLFIGN
44,ydbK,Sec,MKLFNRKVTLVSLILMAVFQFFMALIIKRIVIS,112.3,(U/mL),promoter：Pglvm,1423,MKLFNRKVTLVSLILMAVFQFFMALIIKRIVIS,GSRTITNNEMGNHSGYDYELWKDYGNTSMTLNNGGAFSAGWNNIGNALFRKGKKFDSTRTHHQLGNISINYNASFNPGGNSYLCVYGWTQSPLAEYYIVDSWGTYRPTGAYKGSFYADGGTYDIYETTRVNQPSIIGIATFKQYWSVRQTKRTSGTVSVSAHFRKWESLGMPIGKMYETAFTVEGYQSSGSANVMTNQLFIGN
45,ykoJ,Sec,MLKKKWMVGLLAGCLAAGGFSYNAFA,112.0,(U/mL),promoter：Pglvm,1423,MLKKKWMVGLLAGCLAAGGFSYNAFA,GSRTITNNEMGNHSGYDYELWKDYGNTSMTLNNGGAFSAGWNNIGNALFRKGKKFDSTRTHHQLGNISINYNASFNPGGNSYLCVYGWTQSPLAEYYIVDSWGTYRPTGAYKGSFYADGGTYDIYETTRVNQPSIIGIATFKQYWSVRQTKRTSGTVSVSAHFRKWESLGMPIGKMYETAFTVEGYQSSGSANVMTNQLFIGN
46,lytD,Sec,MKKRLIAPMLLSAASLAFFAMSGSAQA,111.0,(U/mL),promoter：Pglvm,1423,MKKRLIAPMLLSAASLAFFAMSGSAQA,GSRTITNNEMGNHSGYDYELWKDYGNTSMTLNNGGAFSAGWNNIGNALFRKGKKFDSTRTHHQLGNISINYNASFNPGGNSYLCVYGWTQSPLAEYYIVDSWGTYRPTGAYKGSFYADGGTYDIYETTRVNQPSIIGIATFKQYWSVRQTKRTSGTVSVSAHFRKWESLGMPIGKMYETAFTVEGYQSSGSANVMTNQLFIGN
47,amiE,Sec,MKTKTLFIFSAILTLSIFAPNETFA,109.4,(U/mL),promoter：Pglvm,1423,MKTKTLFIFSAILTLSIFAPNETFA,GSRTITNNEMGNHSGYDYELWKDYGNTSMTLNNGGAFSAGWNNIGNALFRKGKKFDSTRTHHQLGNISINYNASFNPGGNSYLCVYGWTQSPLAEYYIVDSWGTYRPTGAYKGSFYADGGTYDIYETTRVNQPSIIGIATFKQYWSVRQTKRTSGTVSVSAHFRKWESLGMPIGKMYETAFTVEGYQSSGSANVMTNQLFIGN
48,sacC,Sec,MKKRLIQVMIMFTLLLTMAFSADA,108.9,(U/mL),promoter：Pglvm,1423,MKKRLIQVMIMFTLLLTMAFSADA,GSRTITNNEMGNHSGYDYELWKDYGNTSMTLNNGGAFSAGWNNIGNALFRKGKKFDSTRTHHQLGNISINYNASFNPGGNSYLCVYGWTQSPLAEYYIVDSWGTYRPTGAYKGSFYADGGTYDIYETTRVNQPSIIGIATFKQYWSVRQTKRTSGTVSVSAHFRKWESLGMPIGKMYETAFTVEGYQSSGSANVMTNQLFIGN
49,ylbL,Sec,MLRKKHFSWMLVILILIAVLSFIKLPYYITKPGEA,107.8,(U/mL),promoter：Pglvm,1423,MLRKKHFSWMLVILILIAVLSFIKLPYYITKPGEA,GSRTITNNEMGNHSGYDYELWKDYGNTSMTLNNGGAFSAGWNNIGNALFRKGKKFDSTRTHHQLGNISINYNASFNPGGNSYLCVYGWTQSPLAEYYIVDSWGTYRPTGAYKGSFYADGGTYDIYETTRVNQPSIIGIATFKQYWSVRQTKRTSGTVSVSAHFRKWESLGMPIGKMYETAFTVEGYQSSGSANVMTNQLFIGN
50,stoA,Sec,MLTKRLLTIYIMLLGLIAWFPGAAQA,105.5,(U/mL),promoter：Pglvm,1423,MLTKRLLTIYIMLLGLIAWFPGAAQA,GSRTITNNEMGNHSGYDYELWKDYGNTSMTLNNGGAFSAGWNNIGNALFRKGKKFDSTRTHHQLGNISINYNASFNPGGNSYLCVYGWTQSPLAEYYIVDSWGTYRPTGAYKGSFYADGGTYDIYETTRVNQPSIIGIATFKQYWSVRQTKRTSGTVSVSAHFRKWESLGMPIGKMYETAFTVEGYQSSGSANVMTNQLFIGN
51,sleB,Sec,MKSKGSIMACLILFSFTITTFINTETISAFS,104.1,(U/mL),promoter：Pglvm,1423,MKSKGSIMACLILFSFTITTFINTETISAFS,GSRTITNNEMGNHSGYDYELWKDYGNTSMTLNNGGAFSAGWNNIGNALFRKGKKFDSTRTHHQLGNISINYNASFNPGGNSYLCVYGWTQSPLAEYYIVDSWGTYRPTGAYKGSFYADGGTYDIYETTRVNQPSIIGIATFKQYWSVRQTKRTSGTVSVSAHFRKWESLGMPIGKMYETAFTVEGYQSSGSANVMTNQLFIGN
52,cdaR,Sec,MDKFLNNRWAVKIIALLFALLLYVAVNS,103.2,(U/mL),promoter：Pglvm,1423,MDKFLNNRWAVKIIALLFALLLYVAVNS,GSRTITNNEMGNHSGYDYELWKDYGNTSMTLNNGGAFSAGWNNIGNALFRKGKKFDSTRTHHQLGNISINYNASFNPGGNSYLCVYGWTQSPLAEYYIVDSWGTYRPTGAYKGSFYADGGTYDIYETTRVNQPSIIGIATFKQYWSVRQTKRTSGTVSVSAHFRKWESLGMPIGKMYETAFTVEGYQSSGSANVMTNQLFIGN
53,rpmGB,Sec,MRKKITLACKTCGNRNYTTMKSSASA,100.9,(U/mL),promoter：Pglvm,1423,MRKKITLACKTCGNRNYTTMKSSASA,GSRTITNNEMGNHSGYDYELWKDYGNTSMTLNNGGAFSAGWNNIGNALFRKGKKFDSTRTHHQLGNISINYNASFNPGGNSYLCVYGWTQSPLAEYYIVDSWGTYRPTGAYKGSFYADGGTYDIYETTRVNQPSIIGIATFKQYWSVRQTKRTSGTVSVSAHFRKWESLGMPIGKMYETAFTVEGYQSSGSANVMTNQLFIGN
54,mdh,Sec,MGNTRKKVSVIGAGFTGATTAFLIAQKELADV,99.4,(U/mL),promoter：Pglvm,1423,MGNTRKKVSVIGAGFTGATTAFLIAQKELADV,GSRTITNNEMGNHSGYDYELWKDYGNTSMTLNNGGAFSAGWNNIGNALFRKGKKFDSTRTHHQLGNISINYNASFNPGGNSYLCVYGWTQSPLAEYYIVDSWGTYRPTGAYKGSFYADGGTYDIYETTRVNQPSIIGIATFKQYWSVRQTKRTSGTVSVSAHFRKWESLGMPIGKMYETAFTVEGYQSSGSANVMTNQLFIGN
55,yngK,Sec,MKVCQKSIVRFLVSLIIGTFVISVPFMANA,96.8,(U/mL),promoter：Pglvm,1423,MKVCQKSIVRFLVSLIIGTFVISVPFMANA,GSRTITNNEMGNHSGYDYELWKDYGNTSMTLNNGGAFSAGWNNIGNALFRKGKKFDSTRTHHQLGNISINYNASFNPGGNSYLCVYGWTQSPLAEYYIVDSWGTYRPTGAYKGSFYADGGTYDIYETTRVNQPSIIGIATFKQYWSVRQTKRTSGTVSVSAHFRKWESLGMPIGKMYETAFTVEGYQSSGSANVMTNQLFIGN
56,vpr,Sec,MKKGIIRFLLVSFVLFFALSTGITGVQAAPA,96.3,(U/mL),promoter：Pglvm,1423,MKKGIIRFLLVSFVLFFALSTGITGVQAAPA,GSRTITNNEMGNHSGYDYELWKDYGNTSMTLNNGGAFSAGWNNIGNALFRKGKKFDSTRTHHQLGNISINYNASFNPGGNSYLCVYGWTQSPLAEYYIVDSWGTYRPTGAYKGSFYADGGTYDIYETTRVNQPSIIGIATFKQYWSVRQTKRTSGTVSVSAHFRKWESLGMPIGKMYETAFTVEGYQSSGSANVMTNQLFIGN
57,ykvT,Sec,MTTKFTALAVFLLCFMPAAKI,94.4,(U/mL),promoter：Pglvm,1423,MTTKFTALAVFLLCFMPAAKI,GSRTITNNEMGNHSGYDYELWKDYGNTSMTLNNGGAFSAGWNNIGNALFRKGKKFDSTRTHHQLGNISINYNASFNPGGNSYLCVYGWTQSPLAEYYIVDSWGTYRPTGAYKGSFYADGGTYDIYETTRVNQPSIIGIATFKQYWSVRQTKRTSGTVSVSAHFRKWESLGMPIGKMYETAFTVEGYQSSGSANVMTNQLFIGN
58,tapA,Sec,MFRLFHNQQKAKTKLKVLLIFQLSVIFSLTAAICLQFSDDTSA,93.2,(U/mL),promoter：Pglvm,1423,MFRLFHNQQKAKTKLKVLLIFQLSVIFSLTAAICLQFSDDTSA,GSRTITNNEMGNHSGYDYELWKDYGNTSMTLNNGGAFSAGWNNIGNALFRKGKKFDSTRTHHQLGNISINYNASFNPGGNSYLCVYGWTQSPLAEYYIVDSWGTYRPTGAYKGSFYADGGTYDIYETTRVNQPSIIGIATFKQYWSVRQTKRTSGTVSVSAHFRKWESLGMPIGKMYETAFTVEGYQSSGSANVMTNQLFIGN
59,pgdS,Sec,MNTLANWKKFLLVAVIICFLVPIMTKAEIAEA,90.9,(U/mL),promoter：Pglvm,1423,MNTLANWKKFLLVAVIICFLVPIMTKAEIAEA,GSRTITNNEMGNHSGYDYELWKDYGNTSMTLNNGGAFSAGWNNIGNALFRKGKKFDSTRTHHQLGNISINYNASFNPGGNSYLCVYGWTQSPLAEYYIVDSWGTYRPTGAYKGSFYADGGTYDIYETTRVNQPSIIGIATFKQYWSVRQTKRTSGTVSVSAHFRKWESLGMPIGKMYETAFTVEGYQSSGSANVMTNQLFIGN
60,yobB,Sec,MKIRKILLSSALSFGMLISAVPALA,89.7,(U/mL),promoter：Pglvm,1423,MKIRKILLSSALSFGMLISAVPALA,GSRTITNNEMGNHSGYDYELWKDYGNTSMTLNNGGAFSAGWNNIGNALFRKGKKFDSTRTHHQLGNISINYNASFNPGGNSYLCVYGWTQSPLAEYYIVDSWGTYRPTGAYKGSFYADGGTYDIYETTRVNQPSIIGIATFKQYWSVRQTKRTSGTVSVSAHFRKWESLGMPIGKMYETAFTVEGYQSSGSANVMTNQLFIGN
61,eglS,Sec,MKRSISIFITCLLITLLTMGGMIASPASA,88.6,(U/mL),promoter：Pglvm,1423,MKRSISIFITCLLITLLTMGGMIASPASA,GSRTITNNEMGNHSGYDYELWKDYGNTSMTLNNGGAFSAGWNNIGNALFRKGKKFDSTRTHHQLGNISINYNASFNPGGNSYLCVYGWTQSPLAEYYIVDSWGTYRPTGAYKGSFYADGGTYDIYETTRVNQPSIIGIATFKQYWSVRQTKRTSGTVSVSAHFRKWESLGMPIGKMYETAFTVEGYQSSGSANVMTNQLFIGN
62,dacC,Sec,KKSIKLYVAVLLLFVVASVPYMHQAALA,88.1,(U/mL),promoter：Pglvm,1423,KKSIKLYVAVLLLFVVASVPYMHQAALA,GSRTITNNEMGNHSGYDYELWKDYGNTSMTLNNGGAFSAGWNNIGNALFRKGKKFDSTRTHHQLGNISINYNASFNPGGNSYLCVYGWTQSPLAEYYIVDSWGTYRPTGAYKGSFYADGGTYDIYETTRVNQPSIIGIATFKQYWSVRQTKRTSGTVSVSAHFRKWESLGMPIGKMYETAFTVEGYQSSGSANVMTNQLFIGN
63,LytE,Sec,MKKQIITATTAVVLGALFA,84.7,(U/mL),promoter：Pglvm,1423,MKKQIITATTAVVLGALFA,GSRTITNNEMGNHSGYDYELWKDYGNTSMTLNNGGAFSAGWNNIGNALFRKGKKFDSTRTHHQLGNISINYNASFNPGGNSYLCVYGWTQSPLAEYYIVDSWGTYRPTGAYKGSFYADGGTYDIYETTRVNQPSIIGIATFKQYWSVRQTKRTSGTVSVSAHFRKWESLGMPIGKMYETAFTVEGYQSSGSANVMTNQLFIGN
64,tatAC,Sec,MELSFTKILVILFVGFLVFGPDKLPALG,83.2,(U/mL),promoter：Pglvm,1423,MELSFTKILVILFVGFLVFGPDKLPALG,GSRTITNNEMGNHSGYDYELWKDYGNTSMTLNNGGAFSAGWNNIGNALFRKGKKFDSTRTHHQLGNISINYNASFNPGGNSYLCVYGWTQSPLAEYYIVDSWGTYRPTGAYKGSFYADGGTYDIYETTRVNQPSIIGIATFKQYWSVRQTKRTSGTVSVSAHFRKWESLGMPIGKMYETAFTVEGYQSSGSANVMTNQLFIGN
65,ykwD,Sec,MKKAFILSAAAAVGLFTFGGVQQASA,81.0,(U/mL),promoter：Pglvm,1423,MKKAFILSAAAAVGLFTFGGVQQASA,GSRTITNNEMGNHSGYDYELWKDYGNTSMTLNNGGAFSAGWNNIGNALFRKGKKFDSTRTHHQLGNISINYNASFNPGGNSYLCVYGWTQSPLAEYYIVDSWGTYRPTGAYKGSFYADGGTYDIYETTRVNQPSIIGIATFKQYWSVRQTKRTSGTVSVSAHFRKWESLGMPIGKMYETAFTVEGYQSSGSANVMTNQLFIGN
66,ylxW,Sec,MRGKSAVLLSLIMLIAGFLISFSFQMTKENNKSAA,80.5,(U/mL),promoter：Pglvm,1423,MRGKSAVLLSLIMLIAGFLISFSFQMTKENNKSAA,GSRTITNNEMGNHSGYDYELWKDYGNTSMTLNNGGAFSAGWNNIGNALFRKGKKFDSTRTHHQLGNISINYNASFNPGGNSYLCVYGWTQSPLAEYYIVDSWGTYRPTGAYKGSFYADGGTYDIYETTRVNQPSIIGIATFKQYWSVRQTKRTSGTVSVSAHFRKWESLGMPIGKMYETAFTVEGYQSSGSANVMTNQLFIGN
67,eapD,Sec,MKKLLTVMTMAVLTAGTLLLPAQSVTPAAHA,77.9,(U/mL),promoter：Pglvm,1423,MKKLLTVMTMAVLTAGTLLLPAQSVTPAAHA,GSRTITNNEMGNHSGYDYELWKDYGNTSMTLNNGGAFSAGWNNIGNALFRKGKKFDSTRTHHQLGNISINYNASFNPGGNSYLCVYGWTQSPLAEYYIVDSWGTYRPTGAYKGSFYADGGTYDIYETTRVNQPSIIGIATFKQYWSVRQTKRTSGTVSVSAHFRKWESLGMPIGKMYETAFTVEGYQSSGSANVMTNQLFIGN
68,yomL,Sec,MRKKRVITCVMAASLTLGSLLPAGYATA,77.2,(U/mL),promoter：Pglvm,1423,MRKKRVITCVMAASLTLGSLLPAGYATA,GSRTITNNEMGNHSGYDYELWKDYGNTSMTLNNGGAFSAGWNNIGNALFRKGKKFDSTRTHHQLGNISINYNASFNPGGNSYLCVYGWTQSPLAEYYIVDSWGTYRPTGAYKGSFYADGGTYDIYETTRVNQPSIIGIATFKQYWSVRQTKRTSGTVSVSAHFRKWESLGMPIGKMYETAFTVEGYQSSGSANVMTNQLFIGN
69,yfkD,Sec,MMKKLFHSTLIVLLFFSFFGVQPIHA,75.1,(U/mL),promoter：Pglvm,1423,MMKKLFHSTLIVLLFFSFFGVQPIHA,GSRTITNNEMGNHSGYDYELWKDYGNTSMTLNNGGAFSAGWNNIGNALFRKGKKFDSTRTHHQLGNISINYNASFNPGGNSYLCVYGWTQSPLAEYYIVDSWGTYRPTGAYKGSFYADGGTYDIYETTRVNQPSIIGIATFKQYWSVRQTKRTSGTVSVSAHFRKWESLGMPIGKMYETAFTVEGYQSSGSANVMTNQLFIGN
70,yhjA,Sec,MKKAAAVLLSLGLVFGFSYGAGHVAEA,73.1,(U/mL),promoter：Pglvm,1423,MKKAAAVLLSLGLVFGFSYGAGHVAEA,GSRTITNNEMGNHSGYDYELWKDYGNTSMTLNNGGAFSAGWNNIGNALFRKGKKFDSTRTHHQLGNISINYNASFNPGGNSYLCVYGWTQSPLAEYYIVDSWGTYRPTGAYKGSFYADGGTYDIYETTRVNQPSIIGIATFKQYWSVRQTKRTSGTVSVSAHFRKWESLGMPIGKMYETAFTVEGYQSSGSANVMTNQLFIGN
71,pelC,Sec,MKKIVSILFMFGLVMGFSQFQPSTVFA,68.7,(U/mL),promoter：Pglvm,1423,MKKIVSILFMFGLVMGFSQFQPSTVFA,GSRTITNNEMGNHSGYDYELWKDYGNTSMTLNNGGAFSAGWNNIGNALFRKGKKFDSTRTHHQLGNISINYNASFNPGGNSYLCVYGWTQSPLAEYYIVDSWGTYRPTGAYKGSFYADGGTYDIYETTRVNQPSIIGIATFKQYWSVRQTKRTSGTVSVSAHFRKWESLGMPIGKMYETAFTVEGYQSSGSANVMTNQLFIGN
72,yddT,Sec,MRKKRVITCVMAASLTLGSLLPAGYASA,66.5,(U/mL),promoter：Pglvm,1423,MRKKRVITCVMAASLTLGSLLPAGYASA,GSRTITNNEMGNHSGYDYELWKDYGNTSMTLNNGGAFSAGWNNIGNALFRKGKKFDSTRTHHQLGNISINYNASFNPGGNSYLCVYGWTQSPLAEYYIVDSWGTYRPTGAYKGSFYADGGTYDIYETTRVNQPSIIGIATFKQYWSVRQTKRTSGTVSVSAHFRKWESLGMPIGKMYETAFTVEGYQSSGSANVMTNQLFIGN
73,yhdC,Sec,MKSLPYTIALLFCGLIIVSMA,65.5,(U/mL),promoter：Pglvm,1423,MKSLPYTIALLFCGLIIVSMA,GSRTITNNEMGNHSGYDYELWKDYGNTSMTLNNGGAFSAGWNNIGNALFRKGKKFDSTRTHHQLGNISINYNASFNPGGNSYLCVYGWTQSPLAEYYIVDSWGTYRPTGAYKGSFYADGGTYDIYETTRVNQPSIIGIATFKQYWSVRQTKRTSGTVSVSAHFRKWESLGMPIGKMYETAFTVEGYQSSGSANVMTNQLFIGN
74,YhaK,Sec,MRTWKRIPKTTMLISLVSPFLLITPVLFYAALA,62.8,(U/mL),promoter：Pglvm,1423,MRTWKRIPKTTMLISLVSPFLLITPVLFYAALA,GSRTITNNEMGNHSGYDYELWKDYGNTSMTLNNGGAFSAGWNNIGNALFRKGKKFDSTRTHHQLGNISINYNASFNPGGNSYLCVYGWTQSPLAEYYIVDSWGTYRPTGAYKGSFYADGGTYDIYETTRVNQPSIIGIATFKQYWSVRQTKRTSGTVSVSAHFRKWESLGMPIGKMYETAFTVEGYQSSGSANVMTNQLFIGN
75,epr,Sec,MKNMSCKLVVSVTLFFSFLTIGPLAHA,60.8,(U/mL),promoter：Pglvm,1423,MKNMSCKLVVSVTLFFSFLTIGPLAHA,GSRTITNNEMGNHSGYDYELWKDYGNTSMTLNNGGAFSAGWNNIGNALFRKGKKFDSTRTHHQLGNISINYNASFNPGGNSYLCVYGWTQSPLAEYYIVDSWGTYRPTGAYKGSFYADGGTYDIYETTRVNQPSIIGIATFKQYWSVRQTKRTSGTVSVSAHFRKWESLGMPIGKMYETAFTVEGYQSSGSANVMTNQLFIGN
76,nprB,Sec,MRNLTKTSLLLAGLCTAAQMVFVTHASA,59.1,(U/mL),promoter：Pglvm,1423,MRNLTKTSLLLAGLCTAAQMVFVTHASA,GSRTITNNEMGNHSGYDYELWKDYGNTSMTLNNGGAFSAGWNNIGNALFRKGKKFDSTRTHHQLGNISINYNASFNPGGNSYLCVYGWTQSPLAEYYIVDSWGTYRPTGAYKGSFYADGGTYDIYETTRVNQPSIIGIATFKQYWSVRQTKRTSGTVSVSAHFRKWESLGMPIGKMYETAFTVEGYQSSGSANVMTNQLFIGN
77,Lip,Sec,LAKKDEHLRKPEWLKIKLNTNENYTGLKKLMREN,57.4,(U/mL),promoter：Pglvm,1423,LAKKDEHLRKPEWLKIKLNTNENYTGLKKLMREN,GSRTITNNEMGNHSGYDYELWKDYGNTSMTLNNGGAFSAGWNNIGNALFRKGKKFDSTRTHHQLGNISINYNASFNPGGNSYLCVYGWTQSPLAEYYIVDSWGTYRPTGAYKGSFYADGGTYDIYETTRVNQPSIIGIATFKQYWSVRQTKRTSGTVSVSAHFRKWESLGMPIGKMYETAFTVEGYQSSGSANVMTNQLFIGN
78,ywmC,Sec,MKKRFSLIMMTGLLFGLTSPAFA,56.9,(U/mL),promoter：Pglvm,1423,MKKRFSLIMMTGLLFGLTSPAFA,GSRTITNNEMGNHSGYDYELWKDYGNTSMTLNNGGAFSAGWNNIGNALFRKGKKFDSTRTHHQLGNISINYNASFNPGGNSYLCVYGWTQSPLAEYYIVDSWGTYRPTGAYKGSFYADGGTYDIYETTRVNQPSIIGIATFKQYWSVRQTKRTSGTVSVSAHFRKWESLGMPIGKMYETAFTVEGYQSSGSANVMTNQLFIGN
79,amyE,Sec,MFAKRFKTSLLPLFAGFLLLFHLVLAGPAAASA,50.7,(U/mL),promoter：Pglvm,1423,MFAKRFKTSLLPLFAGFLLLFHLVLAGPAAASA,GSRTITNNEMGNHSGYDYELWKDYGNTSMTLNNGGAFSAGWNNIGNALFRKGKKFDSTRTHHQLGNISINYNASFNPGGNSYLCVYGWTQSPLAEYYIVDSWGTYRPTGAYKGSFYADGGTYDIYETTRVNQPSIIGIATFKQYWSVRQTKRTSGTVSVSAHFRKWESLGMPIGKMYETAFTVEGYQSSGSANVMTNQLFIGN
80,yqzG,Sec,MMIKQCVICLSLLVFGTTAAHA,46.9,(U/mL),promoter：Pglvm,1423,MMIKQCVICLSLLVFGTTAAHA,GSRTITNNEMGNHSGYDYELWKDYGNTSMTLNNGGAFSAGWNNIGNALFRKGKKFDSTRTHHQLGNISINYNASFNPGGNSYLCVYGWTQSPLAEYYIVDSWGTYRPTGAYKGSFYADGGTYDIYETTRVNQPSIIGIATFKQYWSVRQTKRTSGTVSVSAHFRKWESLGMPIGKMYETAFTVEGYQSSGSANVMTNQLFIGN
81,mdr,Sec,MDTTTAKQASTKFVVLGLLLGILMSAMDNTIVATA,44.8,(U/mL),promoter：Pglvm,1423,MDTTTAKQASTKFVVLGLLLGILMSAMDNTIVATA,GSRTITNNEMGNHSGYDYELWKDYGNTSMTLNNGGAFSAGWNNIGNALFRKGKKFDSTRTHHQLGNISINYNASFNPGGNSYLCVYGWTQSPLAEYYIVDSWGTYRPTGAYKGSFYADGGTYDIYETTRVNQPSIIGIATFKQYWSVRQTKRTSGTVSVSAHFRKWESLGMPIGKMYETAFTVEGYQSSGSANVMTNQLFIGN
82,xynC,Sec,MIPRIKKTICVLLVCFTMLSVMLGPGATEVLA,42.1,(U/mL),promoter：Pglvm,1423,MIPRIKKTICVLLVCFTMLSVMLGPGATEVLA,GSRTITNNEMGNHSGYDYELWKDYGNTSMTLNNGGAFSAGWNNIGNALFRKGKKFDSTRTHHQLGNISINYNASFNPGGNSYLCVYGWTQSPLAEYYIVDSWGTYRPTGAYKGSFYADGGTYDIYETTRVNQPSIIGIATFKQYWSVRQTKRTSGTVSVSAHFRKWESLGMPIGKMYETAFTVEGYQSSGSANVMTNQLFIGN
83,bpr,Sec,MRKKTKNRLISSVLSTVVISSLLFPGAAGA,40.9,(U/mL),promoter：Pglvm,1423,MRKKTKNRLISSVLSTVVISSLLFPGAAGA,GSRTITNNEMGNHSGYDYELWKDYGNTSMTLNNGGAFSAGWNNIGNALFRKGKKFDSTRTHHQLGNISINYNASFNPGGNSYLCVYGWTQSPLAEYYIVDSWGTYRPTGAYKGSFYADGGTYDIYETTRVNQPSIIGIATFKQYWSVRQTKRTSGTVSVSAHFRKWESLGMPIGKMYETAFTVEGYQSSGSANVMTNQLFIGN
84,cwlO,Sec,MRKSLITLGLASVIGTSSFLIPFTSKTASA,39.4,(U/mL),promoter：Pglvm,1423,MRKSLITLGLASVIGTSSFLIPFTSKTASA,GSRTITNNEMGNHSGYDYELWKDYGNTSMTLNNGGAFSAGWNNIGNALFRKGKKFDSTRTHHQLGNISINYNASFNPGGNSYLCVYGWTQSPLAEYYIVDSWGTYRPTGAYKGSFYADGGTYDIYETTRVNQPSIIGIATFKQYWSVRQTKRTSGTVSVSAHFRKWESLGMPIGKMYETAFTVEGYQSSGSANVMTNQLFIGN
85,yjcM,Sec,MKKELLASLVLCLSLSPLVSTNEVFA,35.8,(U/mL),promoter：Pglvm,1423,MKKELLASLVLCLSLSPLVSTNEVFA,GSRTITNNEMGNHSGYDYELWKDYGNTSMTLNNGGAFSAGWNNIGNALFRKGKKFDSTRTHHQLGNISINYNASFNPGGNSYLCVYGWTQSPLAEYYIVDSWGTYRPTGAYKGSFYADGGTYDIYETTRVNQPSIIGIATFKQYWSVRQTKRTSGTVSVSAHFRKWESLGMPIGKMYETAFTVEGYQSSGSANVMTNQLFIGN
86,yjiA,Sec,MAAQTDYKKQVVGILLSLAFVLFVFS,32.9,(U/mL),promoter：Pglvm,1423,MAAQTDYKKQVVGILLSLAFVLFVFS,GSRTITNNEMGNHSGYDYELWKDYGNTSMTLNNGGAFSAGWNNIGNALFRKGKKFDSTRTHHQLGNISINYNASFNPGGNSYLCVYGWTQSPLAEYYIVDSWGTYRPTGAYKGSFYADGGTYDIYETTRVNQPSIIGIATFKQYWSVRQTKRTSGTVSVSAHFRKWESLGMPIGKMYETAFTVEGYQSSGSANVMTNQLFIGN
87,yckD,Sec,MKRITINIITMFIAAAVISLTGTAEA,28.5,(U/mL),promoter：Pglvm,1423,MKRITINIITMFIAAAVISLTGTAEA,GSRTITNNEMGNHSGYDYELWKDYGNTSMTLNNGGAFSAGWNNIGNALFRKGKKFDSTRTHHQLGNISINYNASFNPGGNSYLCVYGWTQSPLAEYYIVDSWGTYRPTGAYKGSFYADGGTYDIYETTRVNQPSIIGIATFKQYWSVRQTKRTSGTVSVSAHFRKWESLGMPIGKMYETAFTVEGYQSSGSANVMTNQLFIGN
88,phrA,Sec,MKSKWMSGLLLVAVGFSFTQVMVHA,25.5,(U/mL),promoter：Pglvm,1423,MKSKWMSGLLLVAVGFSFTQVMVHA,GSRTITNNEMGNHSGYDYELWKDYGNTSMTLNNGGAFSAGWNNIGNALFRKGKKFDSTRTHHQLGNISINYNASFNPGGNSYLCVYGWTQSPLAEYYIVDSWGTYRPTGAYKGSFYADGGTYDIYETTRVNQPSIIGIATFKQYWSVRQTKRTSGTVSVSAHFRKWESLGMPIGKMYETAFTVEGYQSSGSANVMTNQLFIGN
89,tyrA,Sec,MNQMKDTILLAGLGLIGGSIALA,20.7,(U/mL),promoter：Pglvm,1423,MNQMKDTILLAGLGLIGGSIALA,GSRTITNNEMGNHSGYDYELWKDYGNTSMTLNNGGAFSAGWNNIGNALFRKGKKFDSTRTHHQLGNISINYNASFNPGGNSYLCVYGWTQSPLAEYYIVDSWGTYRPTGAYKGSFYADGGTYDIYETTRVNQPSIIGIATFKQYWSVRQTKRTSGTVSVSAHFRKWESLGMPIGKMYETAFTVEGYQSSGSANVMTNQLFIGN
90,yoqH,Sec,MKRFILVLSFLSIIVAYPIQTNA,15.4,(U/mL),promoter：Pglvm,1423,MKRFILVLSFLSIIVAYPIQTNA,GSRTITNNEMGNHSGYDYELWKDYGNTSMTLNNGGAFSAGWNNIGNALFRKGKKFDSTRTHHQLGNISINYNASFNPGGNSYLCVYGWTQSPLAEYYIVDSWGTYRPTGAYKGSFYADGGTYDIYETTRVNQPSIIGIATFKQYWSVRQTKRTSGTVSVSAHFRKWESLGMPIGKMYETAFTVEGYQSSGSANVMTNQLFIGN
91,walL,Sec,MKKTIMSFVAVAALSTTAFGAHA,15.2,(U/mL),promoter：Pglvm,1423,MKKTIMSFVAVAALSTTAFGAHA,GSRTITNNEMGNHSGYDYELWKDYGNTSMTLNNGGAFSAGWNNIGNALFRKGKKFDSTRTHHQLGNISINYNASFNPGGNSYLCVYGWTQSPLAEYYIVDSWGTYRPTGAYKGSFYADGGTYDIYETTRVNQPSIIGIATFKQYWSVRQTKRTSGTVSVSAHFRKWESLGMPIGKMYETAFTVEGYQSSGSANVMTNQLFIGN
92,motB,Sec,MARKKKKKHEDEHVDESWLVPYADILTLLLALFIVLYASS,13.8,(U/mL),promoter：Pglvm,1423,MARKKKKKHEDEHVDESWLVPYADILTLLLALFIVLYASS,GSRTITNNEMGNHSGYDYELWKDYGNTSMTLNNGGAFSAGWNNIGNALFRKGKKFDSTRTHHQLGNISINYNASFNPGGNSYLCVYGWTQSPLAEYYIVDSWGTYRPTGAYKGSFYADGGTYDIYETTRVNQPSIIGIATFKQYWSVRQTKRTSGTVSVSAHFRKWESLGMPIGKMYETAFTVEGYQSSGSANVMTNQLFIGN
93,AprE,Sec,MRSKKLWISLLFALTLIFTMAFSNMSVQA,11.8,(U/mL),promoter：Pglvm,1423,MRSKKLWISLLFALTLIFTMAFSNMSVQA,GSRTITNNEMGNHSGYDYELWKDYGNTSMTLNNGGAFSAGWNNIGNALFRKGKKFDSTRTHHQLGNISINYNASFNPGGNSYLCVYGWTQSPLAEYYIVDSWGTYRPTGAYKGSFYADGGTYDIYETTRVNQPSIIGIATFKQYWSVRQTKRTSGTVSVSAHFRKWESLGMPIGKMYETAFTVEGYQSSGSANVMTNQLFIGN
94,pelA,Sec,MKKVMLATALFLGLTPAGANA,8.5,(U/mL),promoter：Pglvm,1423,MKKVMLATALFLGLTPAGANA,GSRTITNNEMGNHSGYDYELWKDYGNTSMTLNNGGAFSAGWNNIGNALFRKGKKFDSTRTHHQLGNISINYNASFNPGGNSYLCVYGWTQSPLAEYYIVDSWGTYRPTGAYKGSFYADGGTYDIYETTRVNQPSIIGIATFKQYWSVRQTKRTSGTVSVSAHFRKWESLGMPIGKMYETAFTVEGYQSSGSANVMTNQLFIGN
95,clsB,Sec,MKVFIVIMIIVVIFFALILLDIFMGRA,7.2,(U/mL),promoter：Pglvm,1423,MKVFIVIMIIVVIFFALILLDIFMGRA,GSRTITNNEMGNHSGYDYELWKDYGNTSMTLNNGGAFSAGWNNIGNALFRKGKKFDSTRTHHQLGNISINYNASFNPGGNSYLCVYGWTQSPLAEYYIVDSWGTYRPTGAYKGSFYADGGTYDIYETTRVNQPSIIGIATFKQYWSVRQTKRTSGTVSVSAHFRKWESLGMPIGKMYETAFTVEGYQSSGSANVMTNQLFIGN
96,ylxY,Sec,MYKKFVPFAVFLFLFFVSFEMMENPHALDYIGA,6.5,(U/mL),promoter：Pglvm,1423,MYKKFVPFAVFLFLFFVSFEMMENPHALDYIGA,GSRTITNNEMGNHSGYDYELWKDYGNTSMTLNNGGAFSAGWNNIGNALFRKGKKFDSTRTHHQLGNISINYNASFNPGGNSYLCVYGWTQSPLAEYYIVDSWGTYRPTGAYKGSFYADGGTYDIYETTRVNQPSIIGIATFKQYWSVRQTKRTSGTVSVSAHFRKWESLGMPIGKMYETAFTVEGYQSSGSANVMTNQLFIGN
97,YncM,Sec,MAKPLSKGGILVKKVLIAGAVGTAVLFGTLSSGIPGLPAADA,4.2,(U/mL),promoter：Pglvm,1423,MAKPLSKGGILVKKVLIAGAVGTAVLFGTLSSGIPGLPAADA,GSRTITNNEMGNHSGYDYELWKDYGNTSMTLNNGGAFSAGWNNIGNALFRKGKKFDSTRTHHQLGNISINYNASFNPGGNSYLCVYGWTQSPLAEYYIVDSWGTYRPTGAYKGSFYADGGTYDIYETTRVNQPSIIGIATFKQYWSVRQTKRTSGTVSVSAHFRKWESLGMPIGKMYETAFTVEGYQSSGSANVMTNQLFIGN
98,skiX,Sec,MKKVWIGIGIAVIVALFVGINIYRSAAPTSGSA,3.1,(U/mL),promoter：Pglvm,1423,MKKVWIGIGIAVIVALFVGINIYRSAAPTSGSA,GSRTITNNEMGNHSGYDYELWKDYGNTSMTLNNGGAFSAGWNNIGNALFRKGKKFDSTRTHHQLGNISINYNASFNPGGNSYLCVYGWTQSPLAEYYIVDSWGTYRPTGAYKGSFYADGGTYDIYETTRVNQPSIIGIATFKQYWSVRQTKRTSGTVSVSAHFRKWESLGMPIGKMYETAFTVEGYQSSGSANVMTNQLFIGN
99,ybxI,Sec,MKKWIYVVLVLSIAGIGGFSVHA,2.0,(U/mL),promoter：Pglvm,1423,MKKWIYVVLVLSIAGIGGFSVHA,GSRTITNNEMGNHSGYDYELWKDYGNTSMTLNNGGAFSAGWNNIGNALFRKGKKFDSTRTHHQLGNISINYNASFNPGGNSYLCVYGWTQSPLAEYYIVDSWGTYRPTGAYKGSFYADGGTYDIYETTRVNQPSIIGIATFKQYWSVRQTKRTSGTVSVSAHFRKWESLGMPIGKMYETAFTVEGYQSSGSANVMTNQLFIGN
100,walM,Sec,MLKKVILAAFILVGSTLGAFSFSSDASA,0.9,(U/mL),promoter：Pglvm,1423,MLKKVILAAFILVGSTLGAFSFSSDASA,GSRTITNNEMGNHSGYDYELWKDYGNTSMTLNNGGAFSAGWNNIGNALFRKGKKFDSTRTHHQLGNISINYNASFNPGGNSYLCVYGWTQSPLAEYYIVDSWGTYRPTGAYKGSFYADGGTYDIYETTRVNQPSIIGIATFKQYWSVRQTKRTSGTVSVSAHFRKWESLGMPIGKMYETAFTVEGYQSSGSANVMTNQLFIGN
101,ydhK,Sec,MSAGKSYRKKMKQRRMNMKISKYA,0.8,(U/mL),promoter：Pglvm,1423,MSAGKSYRKKMKQRRMNMKISKYA,GSRTITNNEMGNHSGYDYELWKDYGNTSMTLNNGGAFSAGWNNIGNALFRKGKKFDSTRTHHQLGNISINYNASFNPGGNSYLCVYGWTQSPLAEYYIVDSWGTYRPTGAYKGSFYADGGTYDIYETTRVNQPSIIGIATFKQYWSVRQTKRTSGTVSVSAHFRKWESLGMPIGKMYETAFTVEGYQSSGSANVMTNQLFIGN
102,cwlS,Sec,MKKKIVAGLAVSAVVGSSMAAAPAEA,0.7,(U/mL),promoter：Pglvm,1423,MKKKIVAGLAVSAVVGSSMAAAPAEA,GSRTITNNEMGNHSGYDYELWKDYGNTSMTLNNGGAFSAGWNNIGNALFRKGKKFDSTRTHHQLGNISINYNASFNPGGNSYLCVYGWTQSPLAEYYIVDSWGTYRPTGAYKGSFYADGGTYDIYETTRVNQPSIIGIATFKQYWSVRQTKRTSGTVSVSAHFRKWESLGMPIGKMYETAFTVEGYQSSGSANVMTNQLFIGN
103,ydhUn,Sec,MFKKHTISLLIIFLLASAVLA,0.6,(U/mL),promoter：Pglvm,1423,MFKKHTISLLIIFLLASAVLA,GSRTITNNEMGNHSGYDYELWKDYGNTSMTLNNGGAFSAGWNNIGNALFRKGKKFDSTRTHHQLGNISINYNASFNPGGNSYLCVYGWTQSPLAEYYIVDSWGTYRPTGAYKGSFYADGGTYDIYETTRVNQPSIIGIATFKQYWSVRQTKRTSGTVSVSAHFRKWESLGMPIGKMYETAFTVEGYQSSGSANVMTNQLFIGN
104,yjdB,Sec,MNFKKTVVSALSISALALSVSGVASA,0.3,(U/mL),promoter：Pglvm,1423,MNFKKTVVSALSISALALSVSGVASA,GSRTITNNEMGNHSGYDYELWKDYGNTSMTLNNGGAFSAGWNNIGNALFRKGKKFDSTRTHHQLGNISINYNASFNPGGNSYLCVYGWTQSPLAEYYIVDSWGTYRPTGAYKGSFYADGGTYDIYETTRVNQPSIIGIATFKQYWSVRQTKRTSGTVSVSAHFRKWESLGMPIGKMYETAFTVEGYQSSGSANVMTNQLFIGN
105,glpQA,Sec,MRKNRILALFVLSLGLLSFMVTPVSA,0.2,(U/mL),promoter：Pglvm,1423,MRKNRILALFVLSLGLLSFMVTPVSA,GSRTITNNEMGNHSGYDYELWKDYGNTSMTLNNGGAFSAGWNNIGNALFRKGKKFDSTRTHHQLGNISINYNASFNPGGNSYLCVYGWTQSPLAEYYIVDSWGTYRPTGAYKGSFYADGGTYDIYETTRVNQPSIIGIATFKQYWSVRQTKRTSGTVSVSAHFRKWESLGMPIGKMYETAFTVEGYQSSGSANVMTNQLFIGN
106,ylxF,Sec,MSGKKKESGKFRSVLLIIILPLMFLLIAGGIVLWAAG,0.0,(U/mL),promoter：Pglvm,1423,MSGKKKESGKFRSVLLIIILPLMFLLIAGGIVLWAAG,GSRTITNNEMGNHSGYDYELWKDYGNTSMTLNNGGAFSAGWNNIGNALFRKGKKFDSTRTHHQLGNISINYNASFNPGGNSYLCVYGWTQSPLAEYYIVDSWGTYRPTGAYKGSFYADGGTYDIYETTRVNQPSIIGIATFKQYWSVRQTKRTSGTVSVSAHFRKWESLGMPIGKMYETAFTVEGYQSSGSANVMTNQLFIGN
107,znuB,Sec,MEMFDLEFMRRAFLAGGMIAVMA,0.0,(U/mL),promoter：Pglvm,1423,MEMFDLEFMRRAFLAGGMIAVMA,GSRTITNNEMGNHSGYDYELWKDYGNTSMTLNNGGAFSAGWNNIGNALFRKGKKFDSTRTHHQLGNISINYNASFNPGGNSYLCVYGWTQSPLAEYYIVDSWGTYRPTGAYKGSFYADGGTYDIYETTRVNQPSIIGIATFKQYWSVRQTKRTSGTVSVSAHFRKWESLGMPIGKMYETAFTVEGYQSSGSANVMTNQLFIGN
108,yobV,Sec,MKLERLLAMVVLLISKKQVQA,0.0,(U/mL),promoter：Pglvm,1423,MKLERLLAMVVLLISKKQVQA,GSRTITNNEMGNHSGYDYELWKDYGNTSMTLNNGGAFSAGWNNIGNALFRKGKKFDSTRTHHQLGNISINYNASFNPGGNSYLCVYGWTQSPLAEYYIVDSWGTYRPTGAYKGSFYADGGTYDIYETTRVNQPSIIGIATFKQYWSVRQTKRTSGTVSVSAHFRKWESLGMPIGKMYETAFTVEGYQSSGSANVMTNQLFIGN
109,YdhF,Sec,MSRCLYEVTGSLFNGGIIMRRILS,0.0,(U/mL),promoter：Pglvm,1423,MSRCLYEVTGSLFNGGIIMRRILS,GSRTITNNEMGNHSGYDYELWKDYGNTSMTLNNGGAFSAGWNNIGNALFRKGKKFDSTRTHHQLGNISINYNASFNPGGNSYLCVYGWTQSPLAEYYIVDSWGTYRPTGAYKGSFYADGGTYDIYETTRVNQPSIIGIATFKQYWSVRQTKRTSGTVSVSAHFRKWESLGMPIGKMYETAFTVEGYQSSGSANVMTNQLFIGN
110,yolC,Sec,MKKRLIGFLVLVPALIMSGITLIEA,0.0,(U/mL),promoter：Pglvm,1423,MKKRLIGFLVLVPALIMSGITLIEA,GSRTITNNEMGNHSGYDYELWKDYGNTSMTLNNGGAFSAGWNNIGNALFRKGKKFDSTRTHHQLGNISINYNASFNPGGNSYLCVYGWTQSPLAEYYIVDSWGTYRPTGAYKGSFYADGGTYDIYETTRVNQPSIIGIATFKQYWSVRQTKRTSGTVSVSAHFRKWESLGMPIGKMYETAFTVEGYQSSGSANVMTNQLFIGN
111,ybdG,Sec,MKTLWKVLKIVFVSLAALVLLVSVS,0.0,(U/mL),promoter：Pglvm,1423,MKTLWKVLKIVFVSLAALVLLVSVS,GSRTITNNEMGNHSGYDYELWKDYGNTSMTLNNGGAFSAGWNNIGNALFRKGKKFDSTRTHHQLGNISINYNASFNPGGNSYLCVYGWTQSPLAEYYIVDSWGTYRPTGAYKGSFYADGGTYDIYETTRVNQPSIIGIATFKQYWSVRQTKRTSGTVSVSAHFRKWESLGMPIGKMYETAFTVEGYQSSGSANVMTNQLFIGN
112,phrF,Sec,MKLKSKLLLSCLALSTVFVATTIA,0.0,(U/mL),promoter：Pglvm,1423,MKLKSKLLLSCLALSTVFVATTIA,GSRTITNNEMGNHSGYDYELWKDYGNTSMTLNNGGAFSAGWNNIGNALFRKGKKFDSTRTHHQLGNISINYNASFNPGGNSYLCVYGWTQSPLAEYYIVDSWGTYRPTGAYKGSFYADGGTYDIYETTRVNQPSIIGIATFKQYWSVRQTKRTSGTVSVSAHFRKWESLGMPIGKMYETAFTVEGYQSSGSANVMTNQLFIGN
113,ypuA,Sec,KKIWIGMLAAAVLLLMVPKVSLADA,0.0,(U/mL),promoter：Pglvm,1423,KKIWIGMLAAAVLLLMVPKVSLADA,GSRTITNNEMGNHSGYDYELWKDYGNTSMTLNNGGAFSAGWNNIGNALFRKGKKFDSTRTHHQLGNISINYNASFNPGGNSYLCVYGWTQSPLAEYYIVDSWGTYRPTGAYKGSFYADGGTYDIYETTRVNQPSIIGIATFKQYWSVRQTKRTSGTVSVSAHFRKWESLGMPIGKMYETAFTVEGYQSSGSANVMTNQLFIGN
